gene,direct_disease_assoc,two_step_assoc_to_disease,disease_symptoms_gene_is_associated_with,symptoms_associated_count,gene_connections_count,final_symptom_score,relevance_score
XPA,5,282,"['abnormally small cranium', 'abnormally small cranium', 'hearing loss, sensorineural', 'hearing loss, sensorineural', 'extreme sensitivity of the eyes to light', 'extreme sensitivity of the eyes to light', 'entropion', 'entropion', 'ectropion', 'ectropion', 'cutaneous photosensitivity', 'cutaneous photosensitivity', 'cutaneous telangiectasia', 'cutaneous telangiectasia', 'poikiloderma', 'poikiloderma', 'ataxia', 'ataxia', 'involuntary muscle stiffness, contraction, or spasm', 'involuntary muscle stiffness, contraction, or spasm', 'flat, discolored area of skin', 'craniofacial hyperostosis', 'decreased body height', 'arthralgia', 'cryptorchidism', 'papilloma', 'developmental regression', 'cerebral cortex atrophy', 'thin skin', 'hyperkeratosis', 'conjunctival telangiectases', 'erythema', 'blepharitis', 'decreased activity of gonads', 'failure to thrive', 'optic atrophy', 'abnormality of cognition', 'telangiectasia of the skin', 'fever', 'absent or decreased deep tendon reflexes', 'alopecia', 'freckling', 'dry skin', 'fatigue', 'intellectual disability, progressive', 'hypopigmented skin patches', 'hypermelanotic macule', 'cataract', 'abnormality of extrapyramidal motor function', 'decreased testicular size', 'melanoma', 'melanoma', 'peripheral neuropathy', 'peripheral neuropathy']",54,531,50.43520777196961,1.0
ERCC3,6,332,"['decreased activity of gonads', 'decreased activity of gonads', 'decreased activity of gonads', 'abnormally small cranium', 'abnormally small cranium', 'abnormally small cranium', 'hearing loss, sensorineural', 'hearing loss, sensorineural', 'cataract', 'cataract', 'cataract', 'optic atrophy', 'optic atrophy', 'cutaneous photosensitivity', 'cutaneous photosensitivity', 'cutaneous photosensitivity', 'ataxia', 'ataxia', 'freckling', 'freckling', 'decreased body height', 'decreased body height', 'decreased body height', 'dry skin', 'involuntary muscle stiffness, contraction, or spasm', 'cryptorchidism', 'cerebral cortex atrophy', 'abnormality of cognition', 'extreme sensitivity of the eyes to light', 'poikiloderma', 'ectropion', 'flat, discolored area of skin', 'craniofacial hyperostosis', 'arthralgia', 'papilloma', 'developmental regression', 'thin skin', 'hyperkeratosis', 'conjunctival telangiectases', 'erythema', 'blepharitis', 'failure to thrive', 'telangiectasia of the skin', 'fever', 'absent or decreased deep tendon reflexes', 'alopecia', 'fatigue', 'intellectual disability, progressive', 'hypopigmented skin patches', 'hypermelanotic macule', 'cutaneous telangiectasia', 'entropion', 'abnormality of extrapyramidal motor function', 'decreased testicular size', 'peripheral neuropathy', 'cataract', 'melanoma']",57,865,48.88638299254388,0.9082679663933697
ERCC2,5,327,"['abnormally small cranium', 'abnormally small cranium', 'abnormally small cranium', 'abnormally small cranium', 'cataract', 'cataract', 'cataract', 'cutaneous photosensitivity', 'cutaneous photosensitivity', 'cutaneous photosensitivity', 'cutaneous photosensitivity', 'hearing loss, sensorineural', 'hearing loss, sensorineural', 'extreme sensitivity of the eyes to light', 'extreme sensitivity of the eyes to light', 'entropion', 'entropion', 'ectropion', 'ectropion', 'cutaneous telangiectasia', 'cutaneous telangiectasia', 'poikiloderma', 'poikiloderma', 'ataxia', 'ataxia', 'involuntary muscle stiffness, contraction, or spasm', 'involuntary muscle stiffness, contraction, or spasm', 'decreased activity of gonads', 'decreased activity of gonads', 'decreased body height', 'decreased body height', 'dry skin', 'cerebral cortex atrophy', 'optic atrophy', 'cryptorchidism', 'hyperkeratosis', 'absent or decreased deep tendon reflexes', 'freckling', 'flat, discolored area of skin', 'craniofacial hyperostosis', 'arthralgia', 'papilloma', 'developmental regression', 'thin skin', 'conjunctival telangiectases', 'erythema', 'blepharitis', 'failure to thrive', 'abnormality of cognition', 'telangiectasia of the skin', 'fever', 'alopecia', 'fatigue', 'intellectual disability, progressive', 'hypopigmented skin patches', 'hypermelanotic macule', 'abnormality of extrapyramidal motor function', 'decreased testicular size', 'melanoma', 'melanoma', 'melanoma', 'melanoma', 'melanoma', 'cataract', 'cataract', 'cataract', 'erythema']",67,1052,60.930284199732114,0.8900460914746313
DDB2,4,151,"['extreme sensitivity of the eyes to light', 'extreme sensitivity of the eyes to light', 'entropion', 'entropion', 'ectropion', 'ectropion', 'cutaneous photosensitivity', 'cutaneous photosensitivity', 'cutaneous telangiectasia', 'cutaneous telangiectasia', 'poikiloderma', 'poikiloderma', 'flat, discolored area of skin', 'craniofacial hyperostosis', 'decreased body height', 'arthralgia', 'cryptorchidism', 'papilloma', 'developmental regression', 'cerebral cortex atrophy', 'thin skin', 'hyperkeratosis', 'conjunctival telangiectases', 'erythema', 'blepharitis', 'hearing loss, sensorineural', 'abnormally small cranium', 'decreased activity of gonads', 'failure to thrive', 'optic atrophy', 'abnormality of cognition', 'telangiectasia of the skin', 'fever', 'absent or decreased deep tendon reflexes', 'alopecia', 'freckling', 'dry skin', 'fatigue', 'intellectual disability, progressive', 'involuntary muscle stiffness, contraction, or spasm', 'ataxia', 'hypopigmented skin patches', 'hypermelanotic macule', 'cataract', 'abnormality of extrapyramidal motor function', 'decreased testicular size', 'melanoma']",47,395,46.91155958657764,0.7963818150197102
ERCC5,5,257,"['cutaneous photosensitivity', 'abnormally small cranium', 'involuntary muscle stiffness, contraction, or spasm', 'decreased body height', 'optic atrophy', 'ataxia', 'cataract', 'cerebral cortex atrophy', 'hearing loss, sensorineural', 'decreased activity of gonads', 'absent or decreased deep tendon reflexes', 'dry skin', 'poikiloderma', 'flat, discolored area of skin', 'craniofacial hyperostosis', 'arthralgia', 'cryptorchidism', 'papilloma', 'developmental regression', 'thin skin', 'hyperkeratosis', 'conjunctival telangiectases', 'erythema', 'blepharitis', 'failure to thrive', 'abnormality of cognition', 'telangiectasia of the skin', 'fever', 'extreme sensitivity of the eyes to light', 'alopecia', 'freckling', 'fatigue', 'intellectual disability, progressive', 'hypopigmented skin patches', 'hypermelanotic macule', 'cutaneous telangiectasia', 'entropion', 'ectropion', 'abnormality of extrapyramidal motor function', 'decreased testicular size', 'melanoma']",41,471,38.624957217462516,0.7957197303498855
XPC,4,204,"['extreme sensitivity of the eyes to light', 'extreme sensitivity of the eyes to light', 'entropion', 'entropion', 'ectropion', 'ectropion', 'cutaneous photosensitivity', 'cutaneous photosensitivity', 'cutaneous telangiectasia', 'cutaneous telangiectasia', 'poikiloderma', 'poikiloderma', 'flat, discolored area of skin', 'craniofacial hyperostosis', 'decreased body height', 'arthralgia', 'cryptorchidism', 'papilloma', 'developmental regression', 'cerebral cortex atrophy', 'thin skin', 'hyperkeratosis', 'conjunctival telangiectases', 'erythema', 'blepharitis', 'hearing loss, sensorineural', 'abnormally small cranium', 'decreased activity of gonads', 'failure to thrive', 'optic atrophy', 'abnormality of cognition', 'telangiectasia of the skin', 'fever', 'absent or decreased deep tendon reflexes', 'alopecia', 'freckling', 'dry skin', 'fatigue', 'intellectual disability, progressive', 'involuntary muscle stiffness, contraction, or spasm', 'ataxia', 'hypopigmented skin patches', 'hypermelanotic macule', 'cataract', 'abnormality of extrapyramidal motor function', 'decreased testicular size', 'melanoma']",47,452,46.91155958657764,0.7874420617826022
ERCC4,5,267,"['abnormally small cranium', 'abnormally small cranium', 'optic atrophy', 'optic atrophy', 'dry skin', 'dry skin', 'cutaneous photosensitivity', 'cutaneous photosensitivity', 'decreased body height', 'ataxia', 'cryptorchidism', 'decreased activity of gonads', 'cataract', 'hearing loss, sensorineural', 'involuntary muscle stiffness, contraction, or spasm', 'hypopigmented skin patches', 'poikiloderma', 'flat, discolored area of skin', 'craniofacial hyperostosis', 'arthralgia', 'papilloma', 'developmental regression', 'cerebral cortex atrophy', 'thin skin', 'hyperkeratosis', 'conjunctival telangiectases', 'erythema', 'blepharitis', 'failure to thrive', 'abnormality of cognition', 'telangiectasia of the skin', 'fever', 'extreme sensitivity of the eyes to light', 'absent or decreased deep tendon reflexes', 'alopecia', 'freckling', 'fatigue', 'intellectual disability, progressive', 'melanoma', 'melanoma', 'peripheral neuropathy']",41,707,37.07480019391679,0.6283724854537136
POLH,5,127,"['cutaneous photosensitivity', 'extreme sensitivity of the eyes to light', 'dry skin', 'poikiloderma', 'cutaneous telangiectasia', 'entropion', 'ectropion', 'melanoma']",8,328,10.71592492996355,0.23274872743082525
ERCC6,1,149,"['abnormally small cranium', 'abnormally small cranium', 'abnormally small cranium', 'abnormally small cranium', 'hearing loss, sensorineural', 'hearing loss, sensorineural', 'hearing loss, sensorineural', 'extreme sensitivity of the eyes to light', 'extreme sensitivity of the eyes to light', 'entropion', 'entropion', 'ectropion', 'ectropion', 'cutaneous photosensitivity', 'cutaneous photosensitivity', 'cutaneous photosensitivity', 'cutaneous photosensitivity', 'cutaneous telangiectasia', 'cutaneous telangiectasia', 'cutaneous telangiectasia', 'poikiloderma', 'poikiloderma', 'ataxia', 'ataxia', 'ataxia', 'involuntary muscle stiffness, contraction, or spasm', 'involuntary muscle stiffness, contraction, or spasm', 'freckling', 'freckling', 'freckling', 'cryptorchidism', 'cryptorchidism', 'cataract', 'cataract', 'cataract', 'optic atrophy', 'optic atrophy', 'dry skin', 'dry skin', 'dry skin', 'failure to thrive', 'failure to thrive', 'decreased activity of gonads', 'decreased body height', 'cerebral cortex atrophy', 'absent or decreased deep tendon reflexes', 'cataract']",47,666,43.16824230330857,0.20569146612801711
ERCC1,2,372,"['abnormally small cranium', 'decreased body height', 'cutaneous photosensitivity', 'hearing loss, sensorineural', 'optic atrophy', 'involuntary muscle stiffness, contraction, or spasm', 'cataract', 'cryptorchidism', 'cerebral cortex atrophy', 'decreased activity of gonads', 'failure to thrive', 'absent or decreased deep tendon reflexes', 'dry skin', 'ataxia', 'melanoma', 'melanoma', 'melanoma', 'melanoma', 'melanoma', 'cataract', 'peripheral neuropathy', 'peripheral neuropathy']",22,908,15.941170713951001,0.14474603491069707
TP53,2,1171,"['fever', 'decreased body height', 'papilloma', 'abnormally small cranium', 'decreased activity of gonads', 'abnormality of cognition', 'fatigue', 'involuntary muscle stiffness, contraction, or spasm', 'melanoma', 'melanoma', 'melanoma', 'melanoma', 'melanoma', 'melanoma', 'melanoma', 'melanoma', 'melanoma', 'melanoma', 'melanoma', 'papilloma', 'papilloma', 'papilloma', 'papilloma', 'erythema', 'alopecia', 'alopecia', 'alopecia', 'alopecia', 'alopecia', 'pterygium', 'pterygium', 'cataract', 'fever', 'peripheral neuropathy']",34,13975,26.647059661702677,0.1279547166552273
ATM,1,609,"['conjunctival telangiectases', 'conjunctival telangiectases', 'ataxia', 'ataxia', 'absent or decreased deep tendon reflexes', 'absent or decreased deep tendon reflexes', 'decreased body height', 'decreased body height', 'failure to thrive', 'abnormality of cognition', 'telangiectasia of the skin', 'involuntary muscle stiffness, contraction, or spasm', 'fever', 'fatigue', 'melanoma', 'melanoma', 'melanoma', 'melanoma', 'melanoma', 'melanoma', 'melanoma', 'cataract', 'peripheral neuropathy', 'papilloma']",24,3536,24.01428909878828,0.11739604014188072
TERT,1,294,"['decreased body height', 'flat, discolored area of skin', 'cerebral cortex atrophy', 'blepharitis', 'abnormally small cranium', 'failure to thrive', 'telangiectasia of the skin', 'alopecia', 'involuntary muscle stiffness, contraction, or spasm', 'ataxia', 'hypopigmented skin patches', 'hypermelanotic macule', 'cataract', 'melanoma', 'melanoma', 'melanoma', 'melanoma', 'melanoma', 'melanoma', 'melanoma', 'melanoma', 'melanoma', 'melanoma', 'hypogonadism', 'hypogonadism', 'hypogonadism', 'papilloma', 'papilloma']",28,2314,26.09136271894517,0.09525595806015574
PCNA,1,549,"['decreased body height', 'cutaneous photosensitivity', 'conjunctival telangiectases', 'abnormally small cranium', 'telangiectasia of the skin', 'extreme sensitivity of the eyes to light', 'ataxia', 'cutaneous telangiectasia', 'fever', 'papilloma', 'papilloma', 'melanoma', 'melanoma', 'pterygium']",14,2027,14.338815417904334,0.0850535645257734
EGFR,2,672,"['papilloma', 'papilloma', 'papilloma', 'papilloma', 'papilloma', 'papilloma', 'papilloma', 'alopecia', 'alopecia', 'alopecia', 'melanoma', 'melanoma', 'melanoma', 'melanoma', 'melanoma', 'melanoma', 'melanoma', 'melanoma', 'melanoma', 'peripheral neuropathy', 'peripheral neuropathy', 'peripheral neuropathy', 'peripheral neuropathy', 'cataract', 'pterygium', 'hyperkeratosis']",26,8857,20.769553204534272,0.08476008377595255
RECQL4,1,149,"['decreased body height', 'decreased body height', 'decreased body height', 'decreased body height', 'cryptorchidism', 'cryptorchidism', 'decreased activity of gonads', 'decreased activity of gonads', 'cutaneous photosensitivity', 'cutaneous photosensitivity', 'cutaneous telangiectasia', 'cutaneous telangiectasia', 'poikiloderma', 'poikiloderma', 'alopecia', 'alopecia', 'optic atrophy', 'optic atrophy', 'cataract', 'cataract']",20,710,17.574253068024547,0.08049164135249233
HRAS,1,286,"['failure to thrive', 'failure to thrive', 'decreased body height', 'decreased body height', 'cryptorchidism', 'papilloma', 'cerebral cortex atrophy', 'hyperkeratosis', 'hearing loss, sensorineural', 'absent or decreased deep tendon reflexes', 'alopecia', 'hypopigmented skin patches', 'papilloma', 'papilloma', 'papilloma', 'papilloma', 'papilloma', 'melanoma', 'melanoma', 'melanoma', 'melanoma', 'melanoma', 'melanoma', 'melanoma', 'peripheral neuropathy', 'alopecia']",26,2134,20.744312146754012,0.07737740671247928
TP63,0,406,"['cryptorchidism', 'cryptorchidism', 'blepharitis', 'blepharitis', 'blepharitis', 'extreme sensitivity of the eyes to light', 'extreme sensitivity of the eyes to light', 'hyperkeratosis', 'hyperkeratosis', 'thin skin', 'thin skin', 'thin skin', 'decreased body height', 'decreased body height', 'dry skin', 'dry skin', 'cutaneous photosensitivity', 'cutaneous photosensitivity', 'freckling', 'freckling', 'hearing loss, sensorineural', 'alopecia', 'entropion', 'papilloma', 'papilloma', 'melanoma', 'melanoma', 'melanoma', 'pterygium', 'melanocytic nevus']",30,2929,28.622227600143685,0.07709803394170217
MC1R,1,94,"['extreme sensitivity of the eyes to light', 'freckling', 'hypopigmented skin patches', 'melanoma', 'melanoma', 'melanoma', 'melanoma', 'melanoma', 'melanoma', 'melanoma', 'melanoma', 'melanoma', 'melanoma', 'erythema']",14,602,18.496866006669904,0.07693981720777715
NRAS,1,176,"['cryptorchidism', 'cryptorchidism', 'hyperkeratosis', 'hyperkeratosis', 'decreased body height', 'decreased body height', 'hearing loss, sensorineural', 'absent or decreased deep tendon reflexes', 'alopecia', 'hypopigmented skin patches', 'melanoma', 'melanoma', 'melanoma', 'melanoma', 'melanoma', 'melanoma', 'melanoma', 'melanoma', 'melanoma', 'melanoma', 'papilloma']",21,1345,20.13216987121991,0.07251346965062382
PTEN,1,530,"['cataract', 'cataract', 'decreased body height', 'failure to thrive', 'ataxia', 'flat, discolored area of skin', 'papilloma', 'hyperkeratosis', 'abnormality of cognition', 'ataxia', 'ataxia', 'melanoma', 'melanoma', 'melanoma', 'melanoma', 'melanoma', 'melanoma', 'melanoma', 'melanoma', 'papilloma', 'papilloma', 'papilloma', 'papilloma', 'cataract', 'hyperkeratosis', 'peripheral neuropathy']",26,5675,20.80449486080982,0.07219772079185569
BLM,2,312,"['cryptorchidism', 'cryptorchidism', 'abnormally small cranium', 'abnormally small cranium', 'cutaneous photosensitivity', 'cutaneous photosensitivity', 'decreased body height', 'erythema', 'failure to thrive', 'telangiectasia of the skin', 'hypopigmented skin patches', 'ataxia', 'hypogonadism']",13,1339,10.514536117698801,0.07181573320340584
CDKN2A,1,538,"['melanoma', 'melanoma', 'melanoma', 'melanoma', 'melanoma', 'melanoma', 'melanoma', 'melanoma', 'melanoma', 'melanoma', 'melanoma', 'papilloma', 'papilloma', 'papilloma', 'fatigue', 'peripheral neuropathy', 'peripheral neuropathy', 'cataract']",18,4724,18.651408093046552,0.07164581468770755
KIT,0,453,"['flat, discolored area of skin', 'fatigue', 'hypermelanotic macule', 'cryptorchidism', 'erythema', 'abnormally small cranium', 'telangiectasia of the skin', 'ataxia', 'hypopigmented skin patches', 'melanoma', 'melanoma', 'melanoma', 'melanoma', 'melanoma', 'melanoma', 'melanoma', 'melanoma', 'melanoma', 'melanoma', 'melanoma', 'melanoma', 'melanoma', 'melanoma', 'alopecia', 'alopecia', 'alopecia', 'peripheral neuropathy', 'papilloma']",28,4700,29.0832153163847,0.06915504386834487
AKT1,1,799,"['cataract', 'flat, discolored area of skin', 'decreased body height', 'papilloma', 'hyperkeratosis', 'failure to thrive', 'abnormality of cognition', 'ataxia', 'hypopigmented skin patches', 'melanoma', 'melanoma', 'melanoma', 'melanoma', 'melanoma', 'melanoma', 'melanoma', 'melanoma', 'melanoma', 'melanoma', 'alopecia', 'alopecia', 'papilloma', 'papilloma', 'papilloma', 'papilloma', 'fever', 'peripheral neuropathy', 'peripheral neuropathy', 'hypogonadism']",29,16329,24.496355823149752,0.06906023234371914
BRAF,0,397,"['decreased body height', 'decreased body height', 'decreased body height', 'hearing loss, sensorineural', 'hearing loss, sensorineural', 'hyperkeratosis', 'hyperkeratosis', 'hyperkeratosis', 'failure to thrive', 'failure to thrive', 'cerebral cortex atrophy', 'cerebral cortex atrophy', 'cryptorchidism', 'optic atrophy', 'dry skin', 'involuntary muscle stiffness, contraction, or spasm', 'abnormality of cognition', 'decreased activity of gonads', 'freckling', 'melanoma', 'melanoma', 'melanoma', 'melanoma', 'melanoma', 'melanoma', 'melanoma', 'melanoma', 'melanoma', 'melanoma', 'melanoma', 'melanoma', 'fatigue']",32,3756,29.47000192283559,0.06853007886025714
ERCC8,1,270,"['cryptorchidism', 'cryptorchidism', 'decreased activity of gonads', 'decreased activity of gonads', 'abnormally small cranium', 'abnormally small cranium', 'hearing loss, sensorineural', 'hearing loss, sensorineural', 'cataract', 'cataract', 'optic atrophy', 'optic atrophy', 'dry skin', 'dry skin', 'cutaneous photosensitivity', 'cutaneous photosensitivity', 'ataxia', 'ataxia', 'failure to thrive', 'freckling', 'keratitis', 'keratitis', 'cataract', 'peripheral neuropathy']",24,2033,16.94284661476086,0.06240089096320579
ATRX,1,179,"['cryptorchidism', 'cryptorchidism', 'cryptorchidism', 'decreased activity of gonads', 'decreased activity of gonads', 'abnormally small cranium', 'abnormally small cranium', 'abnormally small cranium', 'hearing loss, sensorineural', 'hearing loss, sensorineural', 'hearing loss, sensorineural', 'optic atrophy', 'optic atrophy', 'decreased body height', 'decreased body height', 'intellectual disability, progressive', 'intellectual disability, progressive', 'decreased testicular size', 'decreased testicular size', 'involuntary muscle stiffness, contraction, or spasm', 'involuntary muscle stiffness, contraction, or spasm', 'cerebral cortex atrophy', 'failure to thrive', 'fatigue', 'melanoma', 'hypogonadism']",26,1192,15.738805139096458,0.06052757407771334
IFNA1,1,545,"['melanoma', 'melanoma', 'melanoma', 'melanoma', 'melanoma', 'melanoma', 'melanoma', 'melanoma', 'melanoma', 'fatigue', 'fatigue', 'fatigue', 'fever', 'fever', 'fever', 'peripheral neuropathy', 'peripheral neuropathy', 'peripheral neuropathy', 'peripheral neuropathy', 'peripheral neuropathy', 'erythema', 'arthralgia', 'alopecia', 'papilloma']",24,7482,18.805069408990576,0.057959256049215854
BRCA2,1,333,"['abnormally small cranium', 'abnormally small cranium', 'failure to thrive', 'failure to thrive', 'decreased body height', 'cryptorchidism', 'decreased activity of gonads', 'hypopigmented skin patches', 'cataract', 'melanoma', 'melanoma', 'melanoma', 'melanoma', 'melanoma', 'fever']",15,1680,12.440863732908415,0.057094797326992915
TNF,0,849,"['alopecia', 'alopecia', 'fever', 'fever', 'fever', 'fever', 'melanoma', 'melanoma', 'melanoma', 'melanoma', 'melanoma', 'melanoma', 'melanoma', 'melanoma', 'melanoma', 'melanoma', 'peripheral neuropathy', 'peripheral neuropathy', 'peripheral neuropathy', 'peripheral neuropathy', 'peripheral neuropathy', 'peripheral neuropathy', 'erythema', 'erythema', 'macule', 'fatigue', 'fatigue', 'fatigue', 'cataract', 'keratitis', 'keratitis', 'pterygium', 'papilloma', 'hypogonadism']",34,19388,25.017474695846772,0.05528399230609268
CDKN1A,2,610,"['fever', 'melanoma', 'melanoma', 'melanoma', 'melanoma', 'melanoma', 'papilloma', 'papilloma', 'papilloma', 'papilloma', 'papilloma', 'alopecia', 'ataxia', 'pterygium', 'hyperkeratosis']",15,7189,12.715245509810265,0.05382978889802102
CCND1,1,444,"['fever', 'fatigue', 'melanoma', 'melanoma', 'melanoma', 'melanoma', 'melanoma', 'melanoma', 'melanoma', 'papilloma', 'papilloma', 'papilloma', 'papilloma', 'papilloma', 'fatigue', 'pterygium', 'pterygium', 'peripheral neuropathy', 'alopecia']",19,4986,16.212519139869205,0.0526510305233763
LIG4,1,115,"['failure to thrive', 'failure to thrive', 'cryptorchidism', 'cutaneous photosensitivity', 'abnormally small cranium', 'erythema', 'telangiectasia of the skin', 'cutaneous telangiectasia', 'dry skin', 'decreased body height', 'fever', 'alopecia', 'cataract']",13,607,10.791594739188907,0.04764100275053276
TYR,1,101,"['extreme sensitivity of the eyes to light', 'extreme sensitivity of the eyes to light', 'freckling', 'hyperkeratosis', 'cutaneous photosensitivity', 'melanoma', 'melanoma', 'melanoma', 'melanoma', 'melanoma', 'melanoma', 'melanoma', 'peripheral neuropathy']",13,1182,14.85666166429456,0.04507105031833843
WRN,1,288,"['decreased body height', 'hyperkeratosis', 'decreased activity of gonads', 'telangiectasia of the skin', 'cataract', 'melanoma', 'papilloma', 'short stature', 'cataract', 'alopecia', 'hypogonadism']",11,881,7.371209767069426,0.04212900433098103
PTCH1,2,191,"['cataract', 'cataract', 'decreased body height', 'cryptorchidism', 'abnormally small cranium', 'melanoma', 'melanoma', 'melanoma', 'cataract', 'alopecia', 'papilloma']",11,1372,7.388536338341119,0.04075682062788965
PHGDH,1,128,"['cryptorchidism', 'cryptorchidism', 'abnormally small cranium', 'abnormally small cranium', 'cataract', 'cataract', 'decreased testicular size', 'decreased testicular size', 'decreased activity of gonads', 'decreased body height', 'failure to thrive', 'involuntary muscle stiffness, contraction, or spasm', 'melanoma', 'melanoma', 'melanoma', 'melanoma', 'melanoma', 'peripheral neuropathy']",18,1353,12.891190382791773,0.0399017431385168
RRM2B,1,122,"['developmental regression', 'hearing loss, sensorineural', 'failure to thrive', 'ataxia', 'decreased body height', 'abnormally small cranium', 'abnormality of cognition', 'absent or decreased deep tendon reflexes', 'fatigue', 'involuntary muscle stiffness, contraction, or spasm', 'cataract', 'abnormality of extrapyramidal motor function', 'melanoma', 'peripheral neuropathy']",14,524,8.19129027649833,0.03956005439061357
PIK3CA,0,493,"['failure to thrive', 'telangiectasia of the skin', 'optic atrophy', 'hypermelanotic macule', 'cataract', 'flat, discolored area of skin', 'decreased body height', 'papilloma', 'abnormality of cognition', 'fever', 'fatigue', 'ataxia', 'hypopigmented skin patches', 'melanoma', 'melanoma', 'melanoma', 'melanoma', 'melanoma', 'papilloma', 'papilloma', 'peripheral neuropathy']",21,7493,18.653212339417635,0.03812093809425241
CDK4,1,296,"['melanoma', 'melanoma', 'melanoma', 'melanoma', 'melanoma', 'melanoma', 'melanoma', 'papilloma']",8,2388,10.422350375875702,0.03712661080951277
ATR,1,391,"['cryptorchidism', 'cryptorchidism', 'abnormally small cranium', 'abnormally small cranium', 'decreased body height', 'failure to thrive', 'abnormality of cognition', 'alopecia', 'cutaneous telangiectasia', 'melanoma']",10,1659,7.237980211184852,0.03667758157924626
MYC,2,439,"['melanoma', 'melanoma', 'melanoma', 'melanoma', 'papilloma', 'papilloma', 'peripheral neuropathy']",7,3343,7.199472958357874,0.03646885828306845
STAT3,0,471,"['decreased body height', 'erythema', 'failure to thrive', 'fever', 'ataxia', 'keratitis', 'melanoma', 'melanoma', 'melanoma', 'melanoma', 'melanoma', 'melanoma', 'melanoma', 'melanoma', 'fever', 'fever', 'papilloma', 'papilloma', 'peripheral neuropathy', 'alopecia']",20,6528,17.38688248075348,0.03631006909775695
BRCA1,1,676,"['decreased body height', 'abnormally small cranium', 'cryptorchidism', 'decreased activity of gonads', 'failure to thrive', 'hypopigmented skin patches', 'cataract', 'papilloma', 'melanoma', 'peripheral neuropathy']",10,2878,6.316217809446525,0.03613919300063137
RNF168,1,54,"['decreased body height', 'decreased body height', 'conjunctival telangiectases', 'erythema', 'abnormally small cranium', 'dry skin', 'ataxia', 'cutaneous telangiectasia']",8,352,7.779364584100135,0.035661121340133294
CDK2,1,410,"['melanoma', 'melanoma', 'melanoma', 'melanoma', 'melanoma', 'melanoma', 'papilloma']",7,3168,9.03559988531263,0.03444087838473762
IL2,0,423,"['melanoma', 'melanoma', 'melanoma', 'melanoma', 'melanoma', 'melanoma', 'melanoma', 'melanoma', 'melanoma', 'keratitis', 'keratitis', 'keratitis', 'fatigue', 'fever', 'peripheral neuropathy', 'alopecia', 'blepharitis']",17,5694,17.17030892247665,0.034408122045683935
MDM2,1,443,"['melanoma', 'melanoma', 'melanoma', 'melanoma', 'melanoma', 'melanoma', 'pterygium', 'papilloma']",8,4163,9.553380258391128,0.033571262489341655
VEGFA,0,494,"['fatigue', 'fatigue', 'melanoma', 'melanoma', 'melanoma', 'melanoma', 'melanoma', 'melanoma', 'pterygium', 'pterygium', 'pterygium', 'erythema', 'erythema', 'peripheral neuropathy', 'peripheral neuropathy', 'peripheral neuropathy', 'peripheral neuropathy', 'peripheral neuropathy', 'peripheral neuropathy', 'cataract', 'cataract', 'papilloma', 'papilloma', 'macule', 'alopecia', 'alopecia', 'keratitis', 'keratitis']",28,11159,18.92425753579596,0.031762418430872776
FAS,1,493,"['blepharitis', 'melanoma', 'melanoma', 'melanoma', 'melanoma', 'melanoma', 'keratitis', 'cataract', 'peripheral neuropathy', 'fever']",10,5679,9.550606474405242,0.031019402721302314
NBN,1,243,"['abnormally small cranium', 'abnormally small cranium', 'decreased body height', 'decreased body height', 'cutaneous photosensitivity', 'freckling', 'melanoma']",7,965,6.284467449485327,0.03089276504145232
MSH2,1,267,"['developmental regression', 'fatigue', 'involuntary muscle stiffness, contraction, or spasm', 'hypermelanotic macule', 'melanoma', 'melanoma']",6,985,5.868310303726607,0.030072257670333332
CD4,0,441,"['melanoma', 'melanoma', 'melanoma', 'melanoma', 'melanoma', 'melanoma', 'melanoma', 'keratitis', 'keratitis', 'keratitis', 'alopecia', 'alopecia', 'fatigue', 'papilloma', 'papilloma', 'papilloma', 'peripheral neuropathy', 'peripheral neuropathy', 'peripheral neuropathy', 'hypogonadism']",20,7918,16.608604918471176,0.029435005444159733
MAPK8,2,461,"['melanoma', 'melanoma', 'melanoma', 'fever', 'fever', 'keratitis', 'keratitis', 'cataract', 'cataract', 'peripheral neuropathy', 'peripheral neuropathy', 'papilloma']",12,7491,8.361648343481095,0.029184154783206146
PALB2,1,160,"['abnormally small cranium', 'abnormally small cranium', 'decreased body height', 'cryptorchidism', 'decreased activity of gonads', 'failure to thrive', 'hypopigmented skin patches', 'cataract', 'melanoma']",9,586,5.7291284773271665,0.029041813456913083
BAX,1,545,"['fever', 'fever', 'melanoma', 'melanoma', 'melanoma', 'melanoma', 'melanoma']",7,4955,7.720185539852366,0.028736838295696832
MMP9,0,474,"['decreased body height', 'melanoma', 'melanoma', 'melanoma', 'melanoma', 'melanoma', 'melanoma', 'cataract', 'peripheral neuropathy', 'peripheral neuropathy', 'peripheral neuropathy', 'blepharitis', 'blepharitis', 'pterygium', 'pterygium', 'fatigue', 'fever', 'keratitis', 'papilloma']",19,7920,14.781705708673483,0.028142974098364495
RB1,0,310,"['fever', 'melanoma', 'melanoma', 'melanoma', 'melanoma', 'melanoma', 'melanoma', 'melanoma', 'papilloma', 'papilloma', 'peripheral neuropathy']",11,2159,11.752940973565591,0.02766542000619864
FASN,1,315,"['melanoma', 'melanoma', 'melanoma', 'melanoma', 'melanoma', 'melanoma', 'hyperkeratosis']",7,3549,8.915291632667044,0.026978199727204943
MLH1,1,254,"['developmental regression', 'fatigue', 'involuntary muscle stiffness, contraction, or spasm', 'hypermelanotic macule', 'melanoma', 'melanoma']",6,1173,5.868310303726607,0.02676608759546784
EP300,1,242,"['abnormally small cranium', 'abnormally small cranium', 'melanoma', 'melanoma', 'melanoma', 'melanoma']",6,1284,6.24757140635635,0.02655661421620309
MTOR,0,452,"['cryptorchidism', 'abnormality of cognition', 'hypopigmented skin patches', 'melanoma', 'melanoma', 'melanoma', 'melanoma', 'melanoma', 'melanoma', 'melanoma', 'peripheral neuropathy', 'papilloma', 'alopecia']",13,6872,13.521480607195283,0.026294769022579042
SNRPE,0,298,"['alopecia', 'melanoma', 'melanoma', 'melanoma', 'melanoma', 'melanoma', 'melanoma', 'melanoma', 'fatigue']",9,1783,10.505687921857472,0.026071249523413425
ALB,1,313,"['fatigue', 'fever', 'fever', 'melanoma', 'melanoma', 'melanoma', 'melanoma', 'papilloma', 'hypogonadism', 'keratitis', 'peripheral neuropathy']",11,4260,9.12247212444954,0.025110335981327295
MGMT,0,307,"['melanoma', 'melanoma', 'melanoma', 'melanoma', 'melanoma', 'papilloma', 'papilloma']",7,1285,8.363946336683753,0.025068907785556163
FANCA,1,103,"['cryptorchidism', 'cryptorchidism', 'abnormally small cranium', 'abnormally small cranium', 'decreased body height', 'decreased body height', 'decreased activity of gonads', 'hypopigmented skin patches', 'cataract', 'melanoma']",10,590,5.821325928251362,0.02457751074758733
MMP2,0,452,"['decreased body height', 'arthralgia', 'hypermelanotic macule', 'melanoma', 'melanoma', 'melanoma', 'melanoma', 'melanoma', 'melanoma', 'papilloma', 'pterygium', 'cataract', 'peripheral neuropathy', 'peripheral neuropathy']",14,7219,12.661065594818048,0.02399522719160701
SLX4,1,125,"['cryptorchidism', 'cryptorchidism', 'abnormally small cranium', 'abnormally small cranium', 'decreased body height', 'decreased body height', 'decreased activity of gonads', 'hypopigmented skin patches', 'cataract']",9,424,4.434575437688289,0.02347286565359871
SMUG1,1,115,"['melanoma', 'melanoma', 'melanoma', 'melanoma']",4,644,5.547001962252291,0.0233014274786341
SMARCA2,1,41,"['cryptorchidism', 'cryptorchidism', 'cryptorchidism', 'abnormally small cranium', 'abnormally small cranium', 'abnormally small cranium', 'decreased body height', 'decreased body height', 'decreased body height', 'failure to thrive', 'failure to thrive', 'alopecia', 'melanoma']",13,611,6.889923140031935,0.02258713459748912
TCEAL1,0,555,"['fever', 'melanoma', 'melanoma', 'melanoma', 'melanoma', 'papilloma', 'papilloma', 'alopecia', 'pterygium', 'hyperkeratosis']",10,5905,8.801123833494175,0.022542839445079225
CHEK2,1,376,"['fever', 'melanoma', 'melanoma', 'melanoma']",4,1631,4.553468015207719,0.022242837144801075
POLD1,1,131,"['cryptorchidism', 'hearing loss, sensorineural', 'decreased activity of gonads', 'cutaneous telangiectasia', 'hypogonadism', 'hypogonadism']",6,536,4.603819249952304,0.022134911940097934
CUL4B,1,104,"['cryptorchidism', 'cryptorchidism', 'decreased activity of gonads', 'decreased activity of gonads', 'decreased body height', 'decreased body height', 'decreased testicular size', 'decreased testicular size', 'abnormally small cranium', 'hypogonadism']",10,547,5.01159800369044,0.021909422938706635
ERBB2,0,302,"['melanoma', 'melanoma', 'melanoma', 'melanoma', 'melanoma', 'melanoma', 'papilloma', 'papilloma', 'papilloma', 'alopecia', 'peripheral neuropathy']",11,2860,11.0062132629061,0.021884869230482044
PARP1,1,216,"['melanoma', 'melanoma', 'melanoma', 'melanoma', 'melanoma', 'alopecia', 'alopecia', 'peripheral neuropathy', 'peripheral neuropathy']",9,2804,8.01459144026553,0.021828593454672595
PERP,1,56,"['erythema', 'hearing loss, sensorineural', 'alopecia', 'melanoma']",4,153,3.173777040654084,0.021301763461099986
POMC,0,292,"['failure to thrive', 'fever', 'fever', 'fever', 'fever', 'fever', 'melanoma', 'melanoma', 'melanoma', 'melanoma', 'melanoma', 'melanoma', 'melanoma', 'peripheral neuropathy', 'peripheral neuropathy', 'peripheral neuropathy', 'fatigue', 'hypogonadism', 'hypogonadism', 'alopecia']",20,5544,15.051579017042714,0.020879965194364185
XRCC5,1,223,"['melanoma', 'melanoma', 'cataract', 'cataract', 'fever']",5,698,3.820748604940067,0.020556017903112504
TLR4,0,293,"['keratitis', 'keratitis', 'keratitis', 'keratitis', 'melanoma', 'melanoma', 'melanoma', 'melanoma', 'melanoma', 'melanoma', 'fatigue', 'peripheral neuropathy', 'peripheral neuropathy', 'papilloma']",14,4498,13.163009292316833,0.02030001308564145
PMS2,1,123,"['developmental regression', 'fatigue', 'involuntary muscle stiffness, contraction, or spasm', 'hypermelanotic macule', 'melanoma']",5,576,4.481559813163534,0.020232601503572152
CAT,1,578,"['fever', 'fever', 'cataract', 'cataract', 'cataract', 'cataract', 'papilloma', 'papilloma', 'strabismus', 'keratitis', 'peripheral neuropathy', 'peripheral neuropathy', 'peripheral neuropathy', 'alopecia', 'blepharitis']",15,8451,6.730275455929098,0.019961552897761713
RAD51C,1,138,"['cryptorchidism', 'cryptorchidism', 'decreased body height', 'decreased body height', 'abnormally small cranium', 'decreased activity of gonads', 'hypopigmented skin patches', 'cataract']",8,548,4.084290715636259,0.01972183878555301
MAPK1,0,599,"['alopecia', 'melanoma', 'melanoma', 'melanoma', 'melanoma', 'melanoma', 'melanoma', 'cataract', 'peripheral neuropathy', 'papilloma']",10,11681,9.903034919185425,0.019541556750569993
TGFB1,0,516,"['failure to thrive', 'decreased activity of gonads', 'optic atrophy', 'ataxia', 'fever', 'cataract', 'short stature', 'peripheral neuropathy', 'peripheral neuropathy', 'peripheral neuropathy', 'melanoma', 'melanoma', 'papilloma', 'papilloma', 'papilloma', 'erythema']",16,8889,9.937445306605952,0.019323683567880178
NOTCH1,0,321,"['failure to thrive', 'alopecia', 'involuntary muscle stiffness, contraction, or spasm', 'cataract', 'melanoma', 'melanoma', 'melanoma', 'melanoma', 'peripheral neuropathy', 'peripheral neuropathy', 'papilloma', 'alopecia']",12,2667,8.825801402606865,0.019249149837112785
FANCD2,1,138,"['cryptorchidism', 'cryptorchidism', 'abnormally small cranium', 'abnormally small cranium', 'decreased body height', 'decreased body height', 'decreased activity of gonads', 'hypopigmented skin patches', 'cataract']",9,699,4.434575437688289,0.01904602797884411
ESR1,0,475,"['cataract', 'hypogonadism', 'hypogonadism', 'melanoma', 'melanoma', 'melanoma', 'alopecia', 'alopecia', 'arthralgia', 'fever', 'papilloma', 'peripheral neuropathy']",12,5309,8.261529821785322,0.019020789214016294
APTX,1,69,"['ataxia', 'ataxia', 'abnormality of cognition', 'abnormality of cognition', 'ataxia', 'ataxia', 'cataract', 'peripheral neuropathy', 'peripheral neuropathy', 'peripheral neuropathy']",10,404,4.284778913617958,0.019013473040757872
LEP,0,395,"['decreased activity of gonads', 'decreased testicular size', 'fever', 'fever', 'hypogonadism', 'hypogonadism', 'hypogonadism', 'hypogonadism', 'hypogonadism', 'hypogonadism', 'short stature', 'melanoma', 'melanoma', 'peripheral neuropathy', 'peripheral neuropathy', 'peripheral neuropathy', 'arthralgia', 'fatigue']",18,5731,10.27408357809428,0.018968902892096413
BCL2,1,407,"['melanoma', 'melanoma', 'melanoma', 'melanoma', 'alopecia']",5,4246,5.86514434374018,0.018951552206063243
FANCM,1,88,"['decreased testicular size', 'decreased body height', 'cryptorchidism', 'abnormally small cranium', 'decreased activity of gonads', 'hypopigmented skin patches', 'cataract']",7,371,3.8314237366831296,0.018941144550579384
AR,0,465,"['cryptorchidism', 'decreased activity of gonads', 'arthralgia', 'arthralgia', 'hypogonadism', 'hypogonadism', 'hypogonadism', 'alopecia', 'alopecia', 'alopecia', 'alopecia', 'alopecia', 'peripheral neuropathy', 'peripheral neuropathy', 'peripheral neuropathy', 'melanoma', 'melanoma']",17,6849,9.214392656526803,0.01833018422975534
SETX,1,20,"['conjunctival telangiectases', 'absent or decreased deep tendon reflexes', 'ataxia', 'peripheral neuropathy']",4,252,4.007799241662487,0.018119389481002526
PNKP,1,55,"['ataxia', 'developmental regression', 'abnormally small cranium', 'failure to thrive', 'abnormality of cognition', 'involuntary muscle stiffness, contraction, or spasm', 'ataxia', 'peripheral neuropathy']",8,400,4.229014073109085,0.017810649926232852
TNFRSF10B,1,269,"['melanoma', 'melanoma', 'melanoma', 'peripheral neuropathy', 'peripheral neuropathy', 'fever']",6,2138,4.998022239682107,0.017341709638521205
ENDOV,2,39,['melanoma'],1,108,1.3867504905630728,0.017317627966651608
HPRT1,1,247,"['involuntary muscle stiffness, contraction, or spasm', 'involuntary muscle stiffness, contraction, or spasm', 'abnormality of extrapyramidal motor function', 'abnormality of extrapyramidal motor function', 'decreased body height', 'decreased body height', 'erythema', 'peripheral neuropathy']",8,1079,3.7735974965486183,0.01727436792300219
BIRC5,0,310,"['melanoma', 'melanoma', 'melanoma', 'melanoma', 'pterygium', 'pterygium', 'papilloma']",7,2120,7.297659650343482,0.01713133754116274
FOS,1,341,"['failure to thrive', 'papilloma', 'papilloma', 'papilloma', 'hyperkeratosis', 'hyperkeratosis', 'melanoma', 'peripheral neuropathy', 'peripheral neuropathy', 'photophobia', 'hypogonadism', 'pterygium']",12,6908,7.388938312896571,0.016769352317703316
SMARCA4,1,219,"['cryptorchidism', 'cryptorchidism', 'abnormally small cranium', 'abnormally small cranium', 'decreased body height', 'decreased body height', 'cataract', 'melanoma']",8,1251,4.141763876284152,0.01656071739074767
COL11A2,0,355,"['arthralgia', 'arthralgia', 'arthralgia', 'decreased body height', 'decreased body height', 'hearing loss, sensorineural', 'hearing loss, sensorineural', 'hearing loss, sensorineural', 'hearing loss, sensorineural', 'hearing loss, sensorineural', 'fatigue', 'peripheral neuropathy']",12,2127,6.168867866102315,0.016516427499126626
CDT1,1,112,"['cryptorchidism', 'cryptorchidism', 'abnormally small cranium', 'abnormally small cranium', 'failure to thrive', 'failure to thrive', 'decreased body height', 'short stature', 'peripheral neuropathy']",9,732,4.193308457431481,0.01613702273898533
FASTK,1,231,"['fever', 'fever', 'melanoma', 'melanoma', 'erythema']",5,1654,4.453171069426268,0.01600770835589391
INS,0,529,"['failure to thrive', 'ataxia', 'fever', 'fever', 'peripheral neuropathy', 'peripheral neuropathy', 'peripheral neuropathy', 'peripheral neuropathy', 'peripheral neuropathy', 'cataract', 'fatigue', 'keratitis', 'papilloma', 'hypogonadism', 'hypogonadism', 'alopecia', 'melanoma']",17,9554,8.220814278640939,0.01573830676666848
PRKDC,1,139,"['hearing loss, sensorineural', 'abnormally small cranium', 'melanoma', 'melanoma']",4,702,3.6994328705181774,0.01573687561365013
FANCF,1,63,"['decreased body height', 'cryptorchidism', 'abnormally small cranium', 'decreased activity of gonads', 'hypopigmented skin patches', 'cataract']",6,311,3.220576514901604,0.015617290734402335
GAPDH,1,119,"['melanoma', 'melanoma', 'melanoma', 'papilloma', 'peripheral neuropathy', 'hypogonadism', 'alopecia']",7,1727,5.986498052883845,0.015608430658560902
APAF1,1,93,"['melanoma', 'melanoma', 'peripheral neuropathy']",3,336,2.995778093363339,0.015574198653392147
FANCG,1,99,"['abnormally small cranium', 'decreased body height', 'cryptorchidism', 'decreased activity of gonads', 'hypopigmented skin patches', 'cataract']",6,416,3.220576514901604,0.015456867336709531
RAD51,1,142,"['abnormally small cranium', 'decreased body height', 'cryptorchidism', 'decreased activity of gonads', 'hypopigmented skin patches', 'cataract', 'pterygium']",7,769,3.7383568879801015,0.015344438256418692
FANCI,1,117,"['decreased body height', 'abnormally small cranium', 'cryptorchidism', 'decreased activity of gonads', 'hypopigmented skin patches', 'cataract']",6,478,3.220576514901604,0.01533087918051984
FANCL,1,70,"['decreased body height', 'cryptorchidism', 'abnormally small cranium', 'decreased activity of gonads', 'hypopigmented skin patches', 'cataract']",6,346,3.220576514901604,0.015222865578939667
PTGS2,0,301,"['melanoma', 'melanoma', 'melanoma', 'melanoma', 'melanoma', 'fever', 'papilloma', 'papilloma', 'papilloma', 'peripheral neuropathy']",10,4580,9.694536934373641,0.015138777906883113
REXO2,1,63,"['melanoma', 'melanoma']",2,249,2.7735009811261455,0.014851139839599322
CD40,0,330,"['peripheral neuropathy', 'peripheral neuropathy', 'peripheral neuropathy', 'melanoma', 'melanoma', 'melanoma', 'melanoma', 'melanoma']",8,3618,7.6005837895269455,0.014580775636298345
MSH6,1,198,"['developmental regression', 'fatigue', 'involuntary muscle stiffness, contraction, or spasm', 'hypermelanotic macule']",4,797,3.0948093226004607,0.014417194859829568
E2F1,0,358,"['melanoma', 'melanoma', 'melanoma', 'melanoma']",4,2308,5.547001962252291,0.01432021858963289
FANCC,1,98,"['cryptorchidism', 'cryptorchidism', 'abnormally small cranium', 'abnormally small cranium', 'decreased body height', 'decreased body height', 'decreased activity of gonads', 'hypopigmented skin patches', 'cataract']",9,972,4.434575437688289,0.014156363990456859
XRCC1,0,296,"['melanoma', 'peripheral neuropathy', 'peripheral neuropathy', 'erythema', 'erythema', 'cataract', 'pterygium']",7,1018,4.462574630789909,0.014129189916696348
EGF,0,293,"['abnormally small cranium', 'cataract', 'melanoma', 'melanoma', 'melanoma', 'melanoma', 'papilloma', 'papilloma', 'alopecia', 'peripheral neuropathy']",10,3542,8.194915602045503,0.01409369886187986
BBS9,0,297,"['decreased activity of gonads', 'decreased activity of gonads', 'cataract', 'ataxia', 'decreased testicular size', 'decreased body height', 'cryptorchidism', 'melanoma', 'melanoma', 'papilloma', 'hypogonadism']",11,3078,7.384445682280716,0.013772424734307034
CDK1,1,465,"['melanoma', 'melanoma', 'fever', 'peripheral neuropathy']",4,3123,3.3889946368818396,0.013614304359154734
HSPA1A,1,125,"['fatigue', 'fever', 'melanoma', 'melanoma', 'peripheral neuropathy']",5,997,3.8692867433099143,0.01325315420085011
CDC45,1,51,"['abnormally small cranium', 'abnormally small cranium', 'decreased body height', 'decreased body height', 'cryptorchidism', 'failure to thrive', 'abnormality of cognition']",7,495,3.5122463611781147,0.012928091015986956
IL6,0,370,"['peripheral neuropathy', 'peripheral neuropathy', 'peripheral neuropathy', 'peripheral neuropathy', 'melanoma', 'melanoma', 'melanoma', 'fatigue', 'fever', 'fever', 'hypogonadism', 'papilloma']",12,5945,7.601912201572612,0.012789979915326892
MAD2L2,1,40,"['decreased body height', 'cryptorchidism', 'abnormally small cranium', 'decreased activity of gonads', 'hypopigmented skin patches', 'cataract']",6,394,3.220576514901604,0.012592653874281524
POLQ,2,85,['melanoma'],1,259,1.3867504905630728,0.012411478964451451
RHO,0,303,"['cataract', 'hearing loss, sensorineural', 'decreased activity of gonads', 'optic atrophy', 'extreme sensitivity of the eyes to light', 'photophobia', 'photophobia', 'melanoma', 'melanoma', 'macule', 'hypogonadism', 'peripheral neuropathy']",12,4133,7.494901940962378,0.012319209243860447
TOP1,1,169,"['abnormality of cognition', 'melanoma', 'peripheral neuropathy', 'alopecia']",4,812,2.8084752827666186,0.01188804747571749
GLI3,1,114,"['cryptorchidism', 'cryptorchidism', 'decreased testicular size', 'failure to thrive', 'decreased body height', 'hearing loss, sensorineural', 'optic atrophy', 'peripheral neuropathy']",8,1506,4.331461139277604,0.011719939033990386
FXN,1,177,"['optic atrophy', 'involuntary muscle stiffness, contraction, or spasm', 'ataxia', 'ataxia', 'ataxia', 'peripheral neuropathy', 'melanoma']",7,1771,3.858485058353205,0.011573079695585315
CLMP,1,10,"['failure to thrive', 'decreased body height', 'abnormality of cognition']",3,118,1.9479627163394007,0.011484434706523742
CAMP,0,376,"['melanoma', 'melanoma', 'melanoma', 'alopecia', 'fever', 'fever', 'papilloma', 'keratitis', 'keratitis', 'cataract', 'ataxia', 'fatigue']",12,10392,8.770593426725396,0.011391506646890738
CISH,0,325,"['fever', 'fever', 'papilloma', 'melanoma', 'melanoma', 'melanoma', 'peripheral neuropathy', 'peripheral neuropathy', 'photophobia', 'cataract', 'keratitis']",11,6140,7.596730159362955,0.011013040230362503
TAT,0,298,"['hyperkeratosis', 'abnormally small cranium', 'extreme sensitivity of the eyes to light', 'ataxia', 'peripheral neuropathy', 'melanoma', 'melanoma', 'keratitis']",8,2692,5.486310758734853,0.01086129128070584
USP7,1,81,"['cryptorchidism', 'decreased body height', 'abnormally small cranium', 'decreased activity of gonads', 'failure to thrive']",5,471,2.556245818132494,0.010593195585408315
RFC1,1,231,"['hearing loss, sensorineural', 'optic atrophy', 'ataxia', 'peripheral neuropathy', 'melanoma']",5,2028,3.285640284780293,0.010467170229576672
RBBP8,1,57,"['decreased body height', 'abnormally small cranium', 'abnormality of cognition', 'melanoma']",4,541,2.9134811791440436,0.010371907464891758
STAT5A,0,308,"['melanoma', 'melanoma', 'melanoma', 'melanoma']",4,3312,5.547001962252291,0.010246501213507918
CA2,0,443,"['decreased body height', 'decreased body height', 'failure to thrive', 'optic atrophy', 'fatigue', 'fatigue', 'fatigue', 'fatigue', 'peripheral neuropathy', 'peripheral neuropathy', 'peripheral neuropathy', 'peripheral neuropathy', 'cataract', 'cataract', 'cataract', 'ataxia', 'melanoma', 'fever', 'photophobia']",19,16711,8.396792254792224,0.01015435574340596
GABPA,0,394,"['peripheral neuropathy', 'peripheral neuropathy', 'peripheral neuropathy', 'peripheral neuropathy', 'cataract', 'cataract', 'melanoma', 'melanoma', 'fever']",9,4112,4.709857053888842,0.009971839598391909
DDX11,1,41,"['abnormally small cranium', 'abnormally small cranium', 'melanoma']",3,253,2.0873199346671316,0.009818332971612342
BCR,0,331,"['fever', 'fatigue', 'melanoma', 'melanoma', 'papilloma']",5,2704,4.3621065730069155,0.009492573395717288
POLN,1,51,['melanoma'],1,118,1.3867504905630728,0.00937203112935092
GADD45A,2,264,['melanoma'],1,916,1.3867504905630728,0.009142083439822452
HSPA4,0,323,"['fever', 'fever', 'photophobia', 'melanoma', 'melanoma', 'peripheral neuropathy', 'peripheral neuropathy']",7,2804,4.367226417692541,0.009102131523594936
TAF1,1,123,"['abnormally small cranium', 'failure to thrive', 'absent or decreased deep tendon reflexes', 'involuntary muscle stiffness, contraction, or spasm', 'ataxia']",5,829,2.51815384117368,0.009090710005018335
JUN,1,137,"['peripheral neuropathy', 'peripheral neuropathy', 'peripheral neuropathy', 'papilloma', 'melanoma', 'pterygium']",6,1660,3.286459142287345,0.008962748743843955
LMOD1,0,301,"['cryptorchidism', 'melanoma', 'melanoma', 'papilloma', 'blepharitis']",5,3454,4.930875512405556,0.00866563592290836
AEN,1,49,['melanoma'],1,156,1.3867504905630728,0.008082195327492842
PMS1,1,80,['melanoma'],1,200,1.3867504905630728,0.00808027864937925
PPM1D,1,33,"['decreased body height', 'melanoma']",2,223,1.6818911586135503,0.007895895873556723
PSMD9,0,418,"['fever', 'cataract', 'melanoma', 'macule', 'pterygium']",5,3454,3.2726642664938015,0.007855611327433707
REV3L,1,123,"['blepharitis', 'decreased testicular size']",2,353,1.4845512784425638,0.007659366385151827
IFI27,0,376,"['fever', 'cataract', 'melanoma', 'macule', 'pterygium']",5,3135,3.2726642664938015,0.007400930803115848
PTH,0,299,"['cataract', 'cataract', 'alopecia', 'alopecia', 'alopecia', 'alopecia', 'alopecia', 'fatigue', 'hypogonadism', 'hypogonadism', 'hypogonadism', 'peripheral neuropathy', 'peripheral neuropathy']",13,4624,4.881779755243376,0.007360816189848925
GRK2,0,298,"['fever', 'fever', 'papilloma', 'cataract', 'cataract', 'cataract', 'fatigue', 'fatigue', 'peripheral neuropathy', 'peripheral neuropathy', 'electroencephalogram abnormal']",11,4431,4.7523904890790964,0.007285486008757529
TAF1L,1,27,['melanoma'],1,159,1.3867504905630728,0.007255594171749351
ATRIP,1,45,"['decreased body height', 'abnormally small cranium', 'abnormality of cognition']",3,237,1.5267306885809706,0.007220301152830372
PIK3CB,0,317,"['melanoma', 'melanoma', 'melanoma']",3,4006,4.160251471689218,0.007097055888124503
CXCR4,0,294,"['papilloma', 'pterygium', 'melanoma', 'melanoma', 'peripheral neuropathy']",5,3605,4.2286554083760315,0.007044784090014623
ZNRD2,0,361,"['fever', 'cataract', 'melanoma', 'macule', 'pterygium']",5,3194,3.2726642664938015,0.007033387529604512
PMAIP1,1,136,"['melanoma', 'peripheral neuropathy']",2,554,1.6090276028002664,0.006999657715079849
UBE2V2,1,56,"['melanoma', 'keratitis']",2,665,2.1873912595885083,0.0068029214417113385
BARD1,1,158,['melanoma'],1,491,1.3867504905630728,0.006670204208839202
RPS3A,1,38,"['peripheral neuropathy', 'papilloma', 'melanoma']",3,690,2.3241245447344605,0.006611556896983968
ERVK-19,1,348,"['ataxia', 'ataxia', 'melanoma']",3,3327,2.150911210463943,0.006589181385556086
ERVK-9,1,323,"['ataxia', 'ataxia', 'melanoma']",3,3079,2.150911210463943,0.006528642449509887
ERVK-11,1,318,"['ataxia', 'ataxia', 'melanoma']",3,3129,2.150911210463943,0.006412631591890145
RAD52,1,189,['melanoma'],1,653,1.3867504905630728,0.006305412639227213
CREB1,0,292,"['papilloma', 'pterygium', 'pterygium', 'melanoma', 'peripheral neuropathy', 'peripheral neuropathy']",6,3223,3.5819624031286494,0.006204247572993284
TMED7,0,350,"['fever', 'cataract', 'melanoma', 'macule']",4,2982,2.754883893415304,0.005855208789633606
SUPT4H1,1,32,['melanoma'],1,256,1.3867504905630728,0.005852430339887774
HSPA9,1,233,"['keratitis', 'keratitis', 'peripheral neuropathy']",3,1798,1.823558650288065,0.005838703549300822
SIRT1,1,433,"['melanoma', 'peripheral neuropathy']",2,3382,1.6090276028002664,0.005447378590579914
CRK,0,398,"['cataract', 'peripheral neuropathy', 'melanoma', 'melanoma']",4,6751,3.3227936335110497,0.005432715181868178
SFN,1,119,['melanoma'],1,589,1.3867504905630728,0.0053992906448022794
TERF2,1,53,['melanoma'],1,372,1.3867504905630728,0.005322986547751251
DCTN6,0,318,"['fever', 'cataract', 'melanoma', 'macule']",4,2970,2.754883893415304,0.005318064113293502
UBE2I,1,200,['melanoma'],1,998,1.3867504905630728,0.0052500854605306265
WEE1,1,157,['melanoma'],1,803,1.3867504905630728,0.005200644493590035
KAT5,1,149,['melanoma'],1,802,1.3867504905630728,0.005082453346239231
TH,0,328,"['fever', 'ataxia', 'abnormality of extrapyramidal motor function', 'short stature', 'peripheral neuropathy', 'melanoma']",6,5626,3.3290349767813106,0.004892826940509262
LRRC59,1,74,['melanoma'],1,522,1.3867504905630728,0.004888678890380885
BTG2,1,94,['melanoma'],1,619,1.3867504905630728,0.004834883565573766
TERF1,1,106,['melanoma'],1,706,1.3867504905630728,0.004721330945568868
CDA,1,122,['melanoma'],1,818,1.3867504905630728,0.004626695221570171
CSH1,1,186,"['keratitis', 'keratitis', 'peripheral neuropathy']",3,2386,1.823558650288065,0.004499695556104649
DHFR,1,59,"['ataxia', 'ataxia', 'fatigue']",3,574,1.2444528263289443,0.0038560485362449043
WDTC1,1,319,"['fatigue', 'fatigue', 'peripheral neuropathy', 'peripheral neuropathy', 'peripheral neuropathy']",5,4737,1.6274155495677292,0.0038046768754167602
RFC2,1,175,['melanoma'],1,1705,1.3867504905630728,0.0037564391416372864
TRIAP1,1,60,['optic atrophy'],1,161,0.7188851546895895,0.003551762476464641
SOD1,0,336,"['involuntary muscle stiffness, contraction, or spasm', 'cerebral cortex atrophy', 'fatigue', 'cataract', 'peripheral neuropathy']",5,2732,1.6907342460041554,0.0034017085675339485
PRDM10,1,12,"['papilloma', 'peripheral neuropathy']",2,254,0.9373740541713877,0.003276799474333471
TDP1,1,82,"['ataxia', 'ataxia', 'peripheral neuropathy', 'peripheral neuropathy']",4,1163,1.2087149443752572,0.00285987349865945
MSH3,1,121,['papilloma'],1,450,0.7150969419341943,0.002631399511659415
POLR2B,1,50,['keratitis'],1,369,0.8006407690254357,0.002621170886421871
AHSA1,0,314,"['peripheral neuropathy', 'melanoma']",2,4014,1.6090276028002664,0.002472483515765741
EDNRA,3,162,"['alopecia', 'peripheral neuropathy']",2,1228,0.5404194937250824,0.002464945693683553
TCHP,1,8,['papilloma'],1,278,0.7150969419341943,0.002114932811095298
MCM7,1,64,['papilloma'],1,488,0.7150969419341943,0.0020574580071078077
TIMELESS,1,105,"['photophobia', 'photophobia']",2,704,0.7254762501100117,0.002036104547697485
SP1,0,321,['erythema'],1,3301,0.8932370012631206,0.0013493371196738168
RELA,0,319,['papilloma'],1,4176,0.7150969419341943,0.0008755292355333819
NHEJ1,1,51,['abnormally small cranium'],1,177,0.3502847220520294,0.0008411904180028422
CPD,1,44,['fever'],1,325,0.39321654351850077,0.0008044812458565813
SPRTN,1,38,['decreased body height'],1,233,0.2951406680504776,0.00039442051644220463
APRT,1,97,['alopecia'],1,1072,0.31814238148788887,0.0003057009792163563
LIG3,1,40,['peripheral neuropathy'],1,287,0.2222771122371935,0.0
POLI,1,112,['peripheral neuropathy'],1,1643,0.2222771122371935,0.0
PSMD4,1,110,['peripheral neuropathy'],1,1798,0.2222771122371935,0.0
POLB,1,56,['peripheral neuropathy'],1,278,0.2222771122371935,0.0
DNA2,1,99,['peripheral neuropathy'],1,437,0.2222771122371935,0.0
SIRT6,1,40,['peripheral neuropathy'],1,364,0.2222771122371935,0.0
UNG,1,80,['peripheral neuropathy'],1,343,0.2222771122371935,0.0
SIRT2,1,21,['peripheral neuropathy'],1,621,0.2222771122371935,0.0
PSMD5,1,32,['peripheral neuropathy'],1,586,0.2222771122371935,0.0
